<?xml version="1.0"?>
<doc>
    <assembly>
        <name>TidyManaged</name>
    </assembly>
    <members>
        <member name="T:TidyManaged.AccessibilityCheckLevel">
            <summary>
            Represents the available accessibility check levels.
            </summary>
        </member>
        <member name="F:TidyManaged.AccessibilityCheckLevel.TidyClassic">
            <summary>
            Equivalent to Tidy Classic's accessibility checking.
            </summary>
        </member>
        <member name="F:TidyManaged.AccessibilityCheckLevel.Priority1">
            <summary>
            Priority 1.
            </summary>
        </member>
        <member name="F:TidyManaged.AccessibilityCheckLevel.Priority2">
            <summary>
            Priority 2.
            </summary>
        </member>
        <member name="F:TidyManaged.AccessibilityCheckLevel.Priority3">
            <summary>
            Priority 3.
            </summary>
        </member>
        <member name="T:TidyManaged.Document">
            <summary>
            Represents an HTML document (or XML, XHTML) to be processed by Tidy.
            </summary>
        </member>
        <member name="M:TidyManaged.Document.CleanAndRepair">
            <summary>
            Parses input markup, and executes configured cleanup and repair operations.
            </summary>
        </member>
        <member name="M:TidyManaged.Document.Save">
            <summary>
            Saves the processed markup to a string.
            </summary>
            <returns>A string containing the processed markup.</returns>
        </member>
        <member name="M:TidyManaged.Document.Save(System.String)">
            <summary>
            Saves the processed markup to a file.
            </summary>
            <param name="filePath">The full filesystem path of the file to save the markup to.</param>
        </member>
        <member name="M:TidyManaged.Document.Save(System.IO.Stream)">
            <summary>
            Saves the processed markup to the supplied stream.
            </summary>
            <param name="stream">A <see cref="T:System.IO.Stream"/> to write the markup to.</param>
        </member>
        <member name="M:TidyManaged.Document.FromString(System.String)">
            <summary>
            Creates a new <see cref="T:TidyManaged.Document"/> instance from a <see cref="T:System.String"/> containing HTML.
            </summary>
            <param name="htmlString">The HTML string to be processed.</param>
        </member>
        <member name="M:TidyManaged.Document.FromFile(System.String)">
            <summary>
            Creates a new <see cref="T:TidyManaged.Document"/> instance from a file.
            </summary>
            <param name="filePath">The full filesystem path of the HTML document to be processed.</param>
        </member>
        <member name="M:TidyManaged.Document.FromStream(System.IO.Stream)">
            <summary>
            Creates a new <see cref="T:TidyManaged.Document"/> instance from a <see cref="T:System.IO.Stream"/> instance.
            </summary>
            <param name="stream">A <see cref="T:System.IO.Stream"/> instance containing the HTML document to be processed.</param>
        </member>
        <member name="M:TidyManaged.Document.Dispose">
            <summary>
            Disposes of all unmanaged resources.
            </summary>
        </member>
        <member name="M:TidyManaged.Document.Dispose(System.Boolean)">
            <summary>
            Disposes of all unmanaged resources.
            </summary>
            <param name="disposing">Indicates whether the the document is already being disposed of.</param>
        </member>
        <member name="P:TidyManaged.Document.ReleaseDate">
            <summary>
            Gets the release date of the underlying Tidy library.
            </summary>
        </member>
        <member name="P:TidyManaged.Document.AddXmlDeclaration">
            <summary>
            [add-xml-decl] Gets or sets whether Tidy should add the XML declaration when outputting XML or XHTML. Note that if the input already includes an &lt;?xml ... ?&gt; declaration then this option will be ignored. If the encoding for the output is different from "ascii", one of the utf encodings or "raw", the declaration is always added as required by the XML standard. Defaults to false.
            </summary>
        </member>
        <member name="P:TidyManaged.Document.AddXmlSpacePreserve">
            <summary>
            [add-xml-space] Gets or sets whether Tidy should add xml:space="preserve" to elements such as &lt;PRE&gt;, &lt;STYLE&gt; and &lt;SCRIPT&gt; when generating XML. This is needed if the whitespace in such elements is to be parsed appropriately without having access to the DTD. Defaults to false.
            </summary>
        </member>
        <member name="P:TidyManaged.Document.DefaultAltText">
            <summary>
            [alt-text] Gets or sets the default "alt=" text Tidy uses for &lt;IMG&gt; attributes. This feature is dangerous as it suppresses further accessibility warnings. You are responsible for making your documents accessible to people who can not see the images!
            </summary>
        </member>
        <member name="P:TidyManaged.Document.AnchorAsName">
            <summary>
            [anchor-as-name] Gets or sets the deletion or addition of the name attribute in elements where it can serve as anchor. If set to true, a name attribute, if not already existing, is added along an existing id attribute if the DTD allows it. If set to false, any existing name attribute is removed if an id attribute exists or has been added. Defaults to true.
            </summary>
        </member>
        <member name="P:TidyManaged.Document.ChangeXmlProcessingInstructions">
            <summary>
            [assume-xml-procins] Gets or sets whether Tidy should change the parsing of processing instructions to require ?&gt; as the terminator rather than &gt;. This option is automatically set if the input is in XML. Defaults to false.
            </summary>
        </member>
        <member name="P:TidyManaged.Document.MakeBare">
            <summary>
            [bare] Gets or sets whether Tidy should strip Microsoft specific HTML from Word 2000 documents, and output spaces rather than non-breaking spaces where they exist in the input. Defaults to false.
            </summary>
        </member>
        <member name="P:TidyManaged.Document.MakeClean">
            <summary>
            [clean] Gets or sets whether Tidy should strip out surplus presentational tags and attributes replacing them by style rules and structural markup as appropriate. It works well on the HTML saved by Microsoft Office products. Defaults to false.
            </summary>
        </member>
        <member name="P:TidyManaged.Document.CssPrefix">
            <summary>
            [css-prefix] Gets or sets the prefix that Tidy uses for styles rules. By default, "c" will be used.
            </summary>
        </member>
        <member name="P:TidyManaged.Document.DecorateInferredUL">
            <summary>
            [decorate-inferred-ul] Gets or sets whether Tidy should decorate inferred UL elements with some CSS markup to avoid indentation to the right. Defaults to false.
            </summary>
        </member>
        <member name="P:TidyManaged.Document.DocType">
            <summary>
            [doctype] Gets or sets the DOCTYPE declaration generated by Tidy. If set to "Omit" the output won't contain a DOCTYPE declaration. If set to "Auto" (the default) Tidy will use an educated guess based upon the contents of the document. If set to "Strict", Tidy will set the DOCTYPE to the strict DTD. If set to "Loose", the DOCTYPE is set to the loose (transitional) DTD. Alternatively, you can supply a string for the formal public identifier (FPI).
            <para>
            For example:
            doctype: "-//ACME//DTD HTML 3.14159//EN"
            </para>
            If you specify the FPI for an XHTML document, Tidy will set the system identifier to an empty string. For an HTML document, Tidy adds a system identifier only if one was already present in order to preserve the processing mode of some browsers. Tidy leaves the DOCTYPE for generic XML documents unchanged. "Omit" implies OutputNumericEntities = true. This option does not offer a validation of the document conformance. 
            </summary>
        </member>
        <member name="P:TidyManaged.Document.DropEmptyParagraphs">
            <summary>
            [drop-empty-paras] Gets or sets whether Tidy should discard empty paragraphs. Defaults to true.
            </summary>
        </member>
        <member name="P:TidyManaged.Document.DropFontTags">
            <summary>
            [drop-font-tags] Gets or sets whether Tidy should discard &lt;FONT&gt; and &lt;CENTER&gt; tags without creating the corresponding style rules. This option can be set independently of the MakeClean option. Defaults to false.
            </summary>
        </member>
        <member name="P:TidyManaged.Document.DropProprietaryAttributes">
            <summary>
            [drop-proprietary-attributes] Gets or sets whether Tidy should strip out proprietary attributes, such as MS data binding attributes. Defaults to false.
            </summary>
        </member>
        <member name="P:TidyManaged.Document.EncloseBlockText">
            <summary>
            [enclose-block-text] Gets or sets whether Tidy should insert a &lt;P&gt; element to enclose any text it finds in any element that allows mixed content for HTML transitional but not HTML strict. Defaults to false.
            </summary>
        </member>
        <member name="P:TidyManaged.Document.EncloseBodyText">
            <summary>
            [enclose-text] Gets or sets whether Tidy should enclose any text it finds in the body element within a &lt;P&gt; element. This is useful when you want to take existing HTML and use it with a style sheet. Defaults to false.
            </summary>
        </member>
        <member name="P:TidyManaged.Document.EscapeCdata">
            <summary>
            [escape-cdata] Gets or sets whether Tidy should convert &lt;![CDATA[]]&gt; sections to normal text. Defaults to false.
            </summary>
        </member>
        <member name="P:TidyManaged.Document.FixUrlBackslashes">
            <summary>
            [fix-backslash] Gets or sets whether Tidy should replace backslash characters "\" in URLs with forward slashes "/". Defaults to true.
            </summary>
        </member>
        <member name="P:TidyManaged.Document.FixBadComments">
            <summary>
            [fix-bad-comments] Gets or sets whether Tidy should replace unexpected hyphens with "=" characters when it comes across adjacent hyphens. This option is provided for users of Cold Fusion which uses the comment syntax: &lt;!--- ---&gt;. Defaults to true.
            </summary>
        </member>
        <member name="P:TidyManaged.Document.FixAttributeUris">
            <summary>
            [fix-uri] Gets or sets whether Tidy should check attribute values that carry URIs for illegal characters and if such are found, escape them as HTML 4 recommends. Defaults to true.
            </summary>
        </member>
        <member name="P:TidyManaged.Document.RemoveComments">
            <summary>
            [hide-comments] Gets or sets whether Tidy should print out comments. Defaults to false.
            </summary>
        </member>
        <member name="P:TidyManaged.Document.RemoveEndTags">
            <summary>
            [hide-endtags] Gets or sets whether Tidy should omit optional end-tags when generating the pretty printed markup. This option is ignored if you are outputting to XML. Defaults to false.
            </summary>
        </member>
        <member name="P:TidyManaged.Document.IndentCdata">
            <summary>
            [indent-cdata] Gets or sets whether Tidy should indent &lt;![CDATA[]]&gt; sections. Defaults to false.
            </summary>
        </member>
        <member name="P:TidyManaged.Document.UseXmlParser">
            <summary>
            [input-xml] Gets or sets whether Tidy use the XML parser rather than the error correcting HTML parser. Defaults to false.
            </summary>
        </member>
        <member name="P:TidyManaged.Document.JoinClasses">
            <summary>
            [join-classes] Gets or sets whether Tidy should combine class names to generate a single new class name, if multiple class assignments are detected on an element. Defaults to false.
            </summary>
        </member>
        <member name="P:TidyManaged.Document.JoinStyles">
            <summary>
            [join-styles] Gets or sets whether Tidy should combine styles to generate a single new style, if multiple style values are detected on an element. Defaults to true.
            </summary>
        </member>
        <member name="P:TidyManaged.Document.EnsureLiteralAttributes">
            <summary>
            [literal-attributes] Gets or sets whether Tidy should ensure that whitespace characters within attribute values are passed through unchanged. Defaults to false.
            </summary>
        </member>
        <member name="P:TidyManaged.Document.UseLogicalEmphasis">
            <summary>
            [logical-emphasis] Gets or sets whether Tidy should replace any occurrence of &lt;I&gt; by &lt;EM&gt; and any occurrence of &lt;B&gt; by &lt;STRONG&gt;. In both cases, the attributes are preserved unchanged. This option can be set independently of the "MakeClean" and "DropFontTags" properties. Defaults to false.
            </summary>
        </member>
        <member name="P:TidyManaged.Document.LowerCaseLiterals">
            <summary>
            [lower-literals] Gets or sets whether Tidy should convert the value of an attribute that takes a list of predefined values to lower case. This is required for XHTML documents. Defaults to false.
            </summary>
        </member>
        <member name="P:TidyManaged.Document.MergeDivs">
            <summary>
            [merge-divs] Gets or sets whether Tidy should merge nested &lt;div&gt; such as "&lt;div&gt;&lt;divglt;...&lt;/div&gt;&lt;/div&gt;". If set to "Auto", the attributes of the inner &lt;div&gt; are moved to the outer one. As well, nested &lt;div&gt; with ID attributes are not merged. If set to "Yes", the attributes of the inner &lt;div&gt; are discarded with the exception of "class" and "style". Can be used to modify behavior of the "MakeClean" option. Defaults to Auto.
            </summary>
        </member>
        <member name="P:TidyManaged.Document.MergeSpans">
            <summary>
            [merge-spans] Gets or sets whether Tidy should merge nested &lt;span&gt; such as "&lt;span&gt;&lt;span;...&lt;/span&gt;&lt;/span&gt;". The algorithm is identical to the one used by MergeDivs. Can be used to modify behavior of the "MakeClean" option. Defaults to "Auto".
            </summary>
        </member>
        <member name="P:TidyManaged.Document.AllowNumericCharacterReferences">
            <summary>
            [ncr] Gets or sets whether Tidy should allow numeric character references. Defaults to true.
            </summary>
        </member>
        <member name="P:TidyManaged.Document.NewBlockLevelTags">
            <summary>
            [new-blocklevel-tags] Gets or sets new block-level tags. This option takes a space or comma separated list of tag names. Unless you declare new tags, Tidy will refuse to generate a tidied file if the input includes previously unknown tags. Note you can't change the content model for elements such as &lt;TABLE&gt;, &lt;UL&gt;, &lt;OL&gt; and &lt;DL&gt;. This option is ignored in XML mode.
            </summary>
        </member>
        <member name="P:TidyManaged.Document.NewEmptyInlineTags">
            <summary>
            [new-empty-tags] Gets or sets new empty inline tags. This option takes a space or comma separated list of tag names. Unless you declare new tags, Tidy will refuse to generate a tidied file if the input includes previously unknown tags. This option is ignored in XML mode.
            </summary>
        </member>
        <member name="P:TidyManaged.Document.NewInlineTags">
            <summary>
            [new-inline-tags] Gets or sets new non-empty inline tags. This option takes a space or comma separated list of tag names. Unless you declare new tags, Tidy will refuse to generate a tidied file if the input includes previously unknown tags. This option is ignored in XML mode.
            </summary>
        </member>
        <member name="P:TidyManaged.Document.NewPreTags">
            <summary>
            [new-pre-tags] Gets or sets new tags that are to be processed in exactly the same way as HTML's &lt;PRE&gt; element. This option takes a space or comma separated list of tag names. Unless you declare new tags, Tidy will refuse to generate a tidied file if the input includes previously unknown tags. Note you can not as yet add new CDATA elements (similar to &lt;SCRIPT&gt;). This option is ignored in XML mode.
            </summary>
        </member>
        <member name="P:TidyManaged.Document.OutputNumericEntities">
            <summary>
            [numeric-entities] Gets or sets whether Tidy should output entities other than the built-in HTML entities (&amp;amp;, &amp;lt;, &amp;gt; and &amp;quot;) in the numeric rather than the named entity form. Only entities compatible with the DOCTYPE declaration generated are used. Entities that can be represented in the output encoding are translated correspondingly. Defaults to false.
            </summary>
        </member>
        <member name="P:TidyManaged.Document.OutputHtml">
            <summary>
            [output-html] Gets or sets whether Tidy should generate pretty printed output, writing it as HTML. Defaults to false.
            </summary>
        </member>
        <member name="P:TidyManaged.Document.OutputXhtml">
            <summary>
            [output-xhtml] Gets or sets whether Tidy should generate pretty printed output, writing it as extensible HTML. This option causes Tidy to set the DOCTYPE and default namespace as appropriate to XHTML. If a DOCTYPE or namespace is given they will checked for consistency with the content of the document. In the case of an inconsistency, the corrected values will appear in the output. For XHTML, entities can be written as named or numeric entities according to the setting of the "OutputNumericEntities" value. The original case of tags and attributes will be preserved, regardless of other options. Defaults to false.
            </summary>
        </member>
        <member name="P:TidyManaged.Document.OutputXml">
            <summary>
            [output-xml] Gets or sets whether Tidy should generate pretty printed output, writing it as well-formed XML. Any entities not defined in XML 1.0 will be written as numeric entities to allow them to be parsed by a XML parser. The original case of tags and attributes will be preserved, regardless of other options. Defaults to false.
            </summary>
        </member>
        <member name="P:TidyManaged.Document.PreserveEntities">
            <summary>
            [preserve-entities] Gets or sets whether Tidy should preserve the well-formed entitites as found in the input. Defaults to false.
            </summary>
        </member>
        <member name="P:TidyManaged.Document.QuoteAmpersands">
            <summary>
            [quote-ampersand] Gets or sets whether Tidy should output unadorned &amp; characters as &amp;amp;. Defaults to true.
            </summary>
        </member>
        <member name="P:TidyManaged.Document.QuoteMarks">
            <summary>
            [quote-marks] Gets or sets whether Tidy should output " characters as &amp;quot; as is preferred by some editing environments. The apostrophe character ' is written out as &amp;#39; since many web browsers don't yet support &amp;apos;. Defaults to false.
            </summary>
        </member>
        <member name="P:TidyManaged.Document.QuoteNonBreakingSpaces">
            <summary>
            [quote-nbsp] Gets or sets whether Tidy should output non-breaking space characters as entities, rather than as the Unicode character value 160 (decimal). Defaults to true.
            </summary>
        </member>
        <member name="P:TidyManaged.Document.RepeatedAttributeMode">
            <summary>
            [repeated-attributes] Gets or sets whether Tidy should keep the first or last attribute, if an attribute is repeated, e.g. has two align attributes. Defaults to "KeepLast".
            </summary>
        </member>
        <member name="P:TidyManaged.Document.UseColorNames">
            <summary>
            [replace-color] Gets or sets whether Tidy should replace numeric values in color attributes by HTML/XHTML color names where defined, e.g. replace "#ffffff" with "white". Defaults to false.
            </summary>
        </member>
        <member name="P:TidyManaged.Document.OutputBodyOnly">
            <summary>
            [show-body-only] Gets or sets whether Tidy should print only the contents of the body tag as an HTML fragment. If set to "Auto", this is performed only if the body tag has been inferred. Useful for incorporating existing whole pages as a portion of another page. This option has no effect if XML output is requested. Defaults to "No".
            </summary>
        </member>
        <member name="P:TidyManaged.Document.UpperCaseAttributes">
            <summary>
            [uppercase-attributes] Gets or sets whether Tidy should output attribute names in upper case. The default is false, which results in lower case attribute names, except for XML input, where the original case is preserved.
            </summary>
        </member>
        <member name="P:TidyManaged.Document.UpperCaseTags">
            <summary>
            [uppercase-tags] Gets or sets whether Tidy should output tag names in upper case. The default is false, which results in lower case tag names, except for XML input, where the original case is preserved.
            </summary>
        </member>
        <member name="P:TidyManaged.Document.CleanWord2000">
            <summary>
            [word-2000] Gets or sets whether Tidy should go to great pains to strip out all the surplus stuff Microsoft Word 2000 inserts when you save Word documents as "Web pages". Doesn't handle embedded images or VML. You should consider using Word's "Save As: Web Page, Filtered". Defaults to false.
            </summary>
        </member>
        <member name="P:TidyManaged.Document.AccessibilityCheckLevel">
            <summary>
            [accessibility-check] Gets or sets the level of accessibility checking, if any, that Tidy should do. Defaults to TidyClassic.
            </summary>
        </member>
        <member name="P:TidyManaged.Document.MaximumErrors">
            <summary>
            [show-errors] Gets or sets the number Tidy uses to determine if further errors should be shown. If set to 0, then no errors are shown. Defaults to 6.
            </summary>
        </member>
        <member name="P:TidyManaged.Document.ShowWarnings">
            <summary>
            [show-warnings] Gets or sets whether Tidy should suppress warnings. This can be useful when a few errors are hidden in a flurry of warnings. Defaults to true.
            </summary>
        </member>
        <member name="P:TidyManaged.Document.LineBreakBeforeBR">
            <summary>
            [break-before-br] Gets or sets whether Tidy should output a line break before each &lt;BR&gt; element. Defaults to false.
            </summary>
        </member>
        <member name="P:TidyManaged.Document.IndentBlockElements">
            <summary>
            [indent] Gets or sets whether Tidy should indent block-level tags. If set to Auto, this option causes Tidy to decide whether or not to indent the content of tags such as TITLE, H1-H6, LI, TD, TD, or P depending on whether or not the content includes a block-level element. You are advised to avoid setting indent to Yes as this can expose layout bugs in some browsers. Defaults to No.
            </summary>
        </member>
        <member name="P:TidyManaged.Document.IndentAttributes">
            <summary>
            [indent-attributes] Gets or sets whether Tidy should begin each attribute on a new line. Defaults to false.
            </summary>
        </member>
        <member name="P:TidyManaged.Document.IndentSpaces">
            <summary>
            [indent-spaces] Gets or sets the number of spaces Tidy uses to indent content, when indentation is enabled. Defaults to 2.
            </summary>
        </member>
        <member name="P:TidyManaged.Document.Markup">
            <summary>
            [markup] Gets or sets whether Tidy should generate a pretty printed version of the markup. Note that Tidy won't generate a pretty printed version if it finds significant errors (see ForceOutput). Defaults to true.
            </summary>
        </member>
        <member name="P:TidyManaged.Document.PunctuationWrap">
            <summary>
            [punctuation-wrap] Gets or sets whether Tidy should line wrap after some Unicode or Chinese punctuation characters. Defaults to false.
            </summary>
        </member>
        <member name="P:TidyManaged.Document.AttributeSortType">
            <summary>
            [sort-attributes] Gets or sets how Tidy should sort attributes within an element using the specified sort algorithm. If set to Alpha, the algorithm is an ascending alphabetic sort. Defaults to None.
            </summary>
        </member>
        <member name="P:TidyManaged.Document.TabSize">
            <summary>
            [tab-size] Gets or sets the number of columns that Tidy uses between successive tab stops. It is used to map tabs to spaces when reading the input. Tidy never outputs tabs. Defaults to 8.
            </summary>
        </member>
        <member name="P:TidyManaged.Document.AddVerticalSpace">
            <summary>
            [vertical-space] Gets or sets whether Tidy should add some empty lines for readability. Defaults to false.
            </summary>
        </member>
        <member name="P:TidyManaged.Document.WrapAt">
            <summary>
            [wrap] Gets or sets the right margin Tidy uses for line wrapping. Tidy tries to wrap lines so that they do not exceed this length. Set wrap to zero if you want to disable line wrapping. Defaults to 68.
            </summary>
        </member>
        <member name="P:TidyManaged.Document.WrapAsp">
            <summary>
            [wrap-asp] Gets or sets whether Tidy should line wrap text contained within ASP pseudo elements, which look like: &lt;% ... %&gt;. Defaults to true.
            </summary>
        </member>
        <member name="P:TidyManaged.Document.WrapAttributeValues">
            <summary>
            [wrap-attributes] Gets or sets whether Tidy should line wrap attribute values, for easier editing. This option can be set independently of WrapAcriptLiterals. Defaults to false.
            </summary>
        </member>
        <member name="P:TidyManaged.Document.WrapJste">
            <summary>
            [wrap-jste] Gets or sets whether Tidy should line wrap text contained within JSTE  pseudo elements, which look like: &lt;# ... #&gt;. Defaults to true.
            </summary>
        </member>
        <member name="P:TidyManaged.Document.WrapPhp">
            <summary>
            [wrap-php] Gets or sets whether Tidy should line wrap text contained within PHP pseudo elements, which look like: &lt;?php ... ?&gt;. Defaults to true.
            </summary>
        </member>
        <member name="P:TidyManaged.Document.WrapScriptLiterals">
            <summary>
            [wrap-script-literals] Gets or sets whether Tidy should line wrap string literals that appear in script attributes. Tidy wraps long script string literals by inserting a backslash character before the line break. Defaults to false.
            </summary>
        </member>
        <member name="P:TidyManaged.Document.WrapSections">
            <summary>
            [wrap-sections] Gets or sets whether Tidy should line wrap text contained within &lt;![ ... ]&gt; section tags. Defaults to true.
            </summary>
        </member>
        <member name="P:TidyManaged.Document.AsciiEntities">
            <summary>
            [ascii-chars] Gets or sets whether &amp;emdash;, &amp;rdquo;, and other named character entities are downgraded to their closest ascii equivalents when the "MakeClean" option is set to true. Defaults to false.
            </summary>
        </member>
        <member name="P:TidyManaged.Document.CharacterEncoding">
            <summary>
            [char-encoding] Gets or sets character encoding Tidy uses for both the input and output. For ascii, Tidy will accept Latin-1 (ISO-8859-1) character values, but will use entities for all characters whose value > 127. For raw, Tidy will output values above 127 without translating them into entities. For latin1, characters above 255 will be written as entities. For utf8, Tidy assumes that both input and output is encoded as UTF-8. You can use iso2022 for files encoded using the ISO-2022 family of encodings e.g. ISO-2022-JP. For mac and win1252, Tidy will accept vendor specific character values, but will use entities for all characters whose value > 127. For unsupported encodings, use an external utility to convert to and from UTF-8. Defaults to "Ascii".
            </summary>
        </member>
        <member name="P:TidyManaged.Document.InputCharacterEncoding">
            <summary>
            [input-encoding] Gets or sets character encoding Tidy uses for the input. See CharacterEncoding for more info. Defaults to "Latin1".
            </summary>
        </member>
        <member name="P:TidyManaged.Document.NewLine">
            <summary>
            [newline] Gets or sets the type of newline. The default is appropriate to the current platform: CRLF on PC-DOS, MS-Windows and OS/2, CR on Classic Mac OS, and LF everywhere else (Unix and Linux).
            </summary>
        </member>
        <member name="P:TidyManaged.Document.OutputByteOrderMark">
            <summary>
            [output-bom] Gets or sets whether Tidy should write a Unicode Byte Order Mark character (BOM; also known as Zero Width No-Break Space; has value of U+FEFF) to the beginning of the output; only for UTF-8 and UTF-16 output encodings. If set to "auto", this option causes Tidy to write a BOM to the output only if a BOM was present at the beginning of the input. A BOM is always written for XML/XHTML output using UTF-16 output encodings. Defaults to "Auto".
            </summary>
        </member>
        <member name="P:TidyManaged.Document.OutputCharacterEncoding">
            <summary>
            [output-encoding] Gets or sets character encoding Tidy uses for the output. See CharacterEncoding for more info. May only be different from input-encoding for Latin encodings (ascii, latin0, latin1, mac, win1252, ibm858). Defaults to "Ascii".
            </summary>
        </member>
        <member name="P:TidyManaged.Document.ErrorFile">
            <summary>
            [error-file] Gets or sets the error file Tidy uses for errors and warnings. Normally errors and warnings are output to "stderr". Defaults to null.
            </summary>
        </member>
        <member name="P:TidyManaged.Document.ForceOutput">
            <summary>
            [force-output] Gets or sets whether Tidy should produce output even if errors are encountered. Use this option with care - if Tidy reports an error, this means Tidy was not able to, or is not sure how to, fix the error, so the resulting output may not reflect your intention. Defaults to false.
            </summary>
        </member>
        <member name="P:TidyManaged.Document.UseGnuEmacsErrorFormat">
            <summary>
            [gnu-emacs] Gets or sets whether Tidy should change the format for reporting errors and warnings to a format that is more easily parsed by GNU Emacs. Defaults to false.
            </summary>
        </member>
        <member name="P:TidyManaged.Document.KeepModificationTimestamp">
            <summary>
            [keep-time] Gets or sets whether Tidy should keep the original modification time of files that Tidy modifies in place. The default is no. Setting the option to yes allows you to tidy files without causing these files to be uploaded to a web server when using a tool such as SiteCopy. Note this feature is not supported on some platforms. Defaults to false.
            </summary>
        </member>
        <member name="P:TidyManaged.Document.OutputFile">
            <summary>
            [output-file] Gets or sets the output file Tidy uses for markup. Normally markup is written to "stdout". Defaults to null.
            </summary>
        </member>
        <member name="P:TidyManaged.Document.Quiet">
            <summary>
            [quiet] Gets or sets whether Tidy should output the summary of the numbers of errors and warnings, or the welcome or informational messages. Defaults to false.
            </summary>
        </member>
        <member name="P:TidyManaged.Document.AddTidyMetaElement">
            <summary>
            [tidy-mark] Gets or sets whether Tidy should add a meta element to the document head to indicate that the document has been tidied. Tidy won't add a meta element if one is already present. Defaults to true.
            </summary>
        </member>
        <member name="P:TidyManaged.Document.WriteBack">
            <summary>
            [write-back] Gets or sets whether Tidy should write back the tidied markup to the same file it read from. You are advised to keep copies of important files before tidying them, as on rare occasions the result may not be what you expect. Defaults to false.
            </summary>
        </member>
        <member name="T:TidyManaged.SortStrategy">
            <summary>
            Represents values used by some Tidy <see cref="T:TidyManaged.Document"/> properties.
            </summary>
        </member>
        <member name="F:TidyManaged.SortStrategy.None">
            <summary>
            None.
            </summary>
        </member>
        <member name="F:TidyManaged.SortStrategy.Alpha">
            <summary>
            Alpha.
            </summary>
        </member>
        <member name="T:TidyManaged.DocTypeMode">
            <summary>
            Represents the available accessibility DOCTYPE modes.
            </summary>
        </member>
        <member name="F:TidyManaged.DocTypeMode.Omit">
            <summary>
            Omit DOCTYPE altogether.
            </summary>
        </member>
        <member name="F:TidyManaged.DocTypeMode.Auto">
            <summary>
            Keep DOCTYPE in input.  Set version to content.
            </summary>
        </member>
        <member name="F:TidyManaged.DocTypeMode.Strict">
            <summary>
            Convert document to strict content model.
            </summary>
        </member>
        <member name="F:TidyManaged.DocTypeMode.Loose">
            <summary>
            Convert document to transitional content model.
            </summary>
        </member>
        <member name="F:TidyManaged.DocTypeMode.User">
            <summary>
            User-specified doctype.
            </summary>
        </member>
        <member name="T:TidyManaged.RepeatedAttributeMode">
            <summary>
            Represents the available repeated-attribute handling modes.
            </summary>
        </member>
        <member name="F:TidyManaged.RepeatedAttributeMode.KeepFirst">
            <summary>
            Keep the first attribute.
            </summary>
        </member>
        <member name="F:TidyManaged.RepeatedAttributeMode.KeepLast">
            <summary>
            Keep the last attribute.
            </summary>
        </member>
        <!-- Badly formed XML comment ignored for member "F:TidyManaged.Interop.TidyOptionId.TidyReplaceColor" -->
        <member name="T:TidyManaged.AutoBool">
            <summary>
            Represents yes/no/auto values used by some Tidy <see cref="T:TidyManaged.Document"/> properties.
            </summary>
        </member>
        <member name="F:TidyManaged.AutoBool.No">
            <summary>
            No.
            </summary>
        </member>
        <member name="F:TidyManaged.AutoBool.Yes">
            <summary>
            Yes.
            </summary>
        </member>
        <member name="F:TidyManaged.AutoBool.Auto">
            <summary>
            Automatic.
            </summary>
        </member>
        <member name="T:TidyManaged.NewlineType">
            <summary>
            Represents the available newline types.
            </summary>
        </member>
        <member name="F:TidyManaged.NewlineType.Linefeed">
            <summary>
            LF (used by Mac OS X, Unix, Linux).
            </summary>
        </member>
        <member name="F:TidyManaged.NewlineType.CarriageReturnLinefeed">
            <summary>
            CRLF (used by Microsoft Windows, DOS etc).
            </summary>
        </member>
        <member name="F:TidyManaged.NewlineType.CarriageReturn">
            <summary>
            CR (used by Mac OS 9 and earlier).
            </summary>
        </member>
        <member name="T:TidyManaged.EncodingType">
            <summary>
            Represents the supported encodings.
            </summary>
        </member>
        <member name="F:TidyManaged.EncodingType.Raw">
            <summary>
            No or unknown encoding.
            </summary>
        </member>
        <member name="F:TidyManaged.EncodingType.Ascii">
            <summary>
            The American Standard Code for Information Interchange (ASCII) encoding scheme.
            </summary>
        </member>
        <member name="F:TidyManaged.EncodingType.Latin0">
            <summary>
            The ISO/IEC 8859-15 encoding scheme, also knows as Latin-0 and Latin-9.
            </summary>
        </member>
        <member name="F:TidyManaged.EncodingType.Latin1">
            <summary>
            The ISO/IEC 8859-1 encoding scheme, also knows as Latin-1.
            </summary>
        </member>
        <member name="F:TidyManaged.EncodingType.Utf8">
            <summary>
            The UTF-8 encoding scheme.
            </summary>
        </member>
        <member name="F:TidyManaged.EncodingType.Iso2022">
            <summary>
            The ISO/IEC 2022 encoding scheme.
            </summary>
        </member>
        <member name="F:TidyManaged.EncodingType.MacRoman">
            <summary>
            The MacRoman encoding scheme.
            </summary>
        </member>
        <member name="F:TidyManaged.EncodingType.Win1252">
            <summary>
            The Windows-1252 encoding scheme.
            </summary>
        </member>
        <member name="F:TidyManaged.EncodingType.Ibm858">
            <summary>
            The Code page 858 encoding scheme, also know as CP 858, IBM 858, or OEM 858.
            </summary>
        </member>
        <member name="F:TidyManaged.EncodingType.Utf16LittleEndian">
            <summary>
            The UTF-16LE (Little Endian) encoding scheme.
            </summary>
        </member>
        <member name="F:TidyManaged.EncodingType.Utf16BigEndian">
            <summary>
            The UTF-16BE (Big Endian) encoding scheme.
            </summary>
        </member>
        <member name="F:TidyManaged.EncodingType.Utf16">
            <summary>
            The UTF-16 encoding scheme, with endianess detected using a BOM.
            </summary>
        </member>
        <member name="F:TidyManaged.EncodingType.Big5">
            <summary>
            The Big-5 or Big5 encoding scheme, used in Taiwan, Hong Kong, and Macau for Traditional Chinese characters.
            </summary>
        </member>
        <member name="F:TidyManaged.EncodingType.ShiftJIS">
            <summary>
            The Shift JIS encoding scheme for Japanese characters.
            </summary>
        </member>
    </members>
</doc>
